url	first_seen	portal	title	company	status	location
https://fashionunited.nl/modevacatures/product-developer-breda-1946537	2026-05-26	fashionunited.nl	Product Developer	Suit Up	added	Breda, Netherlands
https://fashionunited.nl/modevacatures/senior-stylist-fashion-designer-lijnden-1946777	2026-05-26	fashionunited.nl	Senior Stylist / Fashion Designer	&Co Woman	added	Lijnden, Netherlands
https://fashionunited.nl/modevacatures/junior-designer-th-lab-collaborations-and-sponsorships-amsterdam-1947074	2026-05-26	fashionunited.nl	Junior Designer - TH LAB Collaborations & Sponsorships	PVH (Tommy Hilfiger)	added	Amsterdam, Netherlands
https://fashionunited.nl/modevacatures/product-developer-haelen-1943241	2026-05-26	fashionunited.nl	Product Developer	Zetex BV	added	Haelen, Netherlands
https://fashionunited.nl/modevacatures/senior-allround-designer-baby-and-kidswear-0-8-1-0-fte-weert-1944288	2026-05-26	fashionunited.nl	Senior Allround Designer Baby & Kidswear	Van Gennip Textiles	added	Weert, Netherlands
https://fashionunited.nl/modevacatures/fashion-product-developer-merchandiser-made-1937755	2026-05-26	fashionunited.nl	Fashion Product Developer / Merchandiser	Fantastitex	added	Made, Netherlands
https://fashionunited.nl/modevacatures/buying-and-product-developer-30-38-uur-duiven-1933212	2026-05-26	fashionunited.nl	Buying & Product Developer	Donders 1860	added	Duiven, Netherlands
https://fashionunited.nl/modevacatures/product-developer-amsterdam-1933607	2026-05-26	fashionunited.nl	Product Developer	Studio Anneloes	added	Amsterdam, Netherlands
https://fashionunited.nl/modevacatures/product-developer-amsterdam-1933026	2026-05-26	fashionunited.nl	Product Developer	The Lola Club	added	Amsterdam, Netherlands
https://fashionunited.nl/modevacatures/junior-product-developer-amsterdam-1928898	2026-05-26	fashionunited.nl	Junior Product Developer	Gabbiano Denim	added	Amsterdam, Netherlands
https://fashionunited.nl/modevacatures/product-developer-flat-knit-rotterdam-1924092	2026-05-26	fashionunited.nl	Product Developer Flat Knit	Most Wanted	added	Rotterdam, Netherlands
https://fashionunited.nl/modevacatures/designer-product-developer-barendrecht-1884278	2026-05-26	fashionunited.nl	Junior Designer / Product Developer	C&S Fashion Group	added	Barendrecht, Netherlands
https://fashionunited.nl/modevacatures/designer-product-developer-barendrecht-1784231	2026-05-26	fashionunited.nl	Designer / Product Developer	C&S Fashion Group	added	Barendrecht, Netherlands
https://fashionunited.nl/modevacatures/product-developer-40-uur-per-week-vast-lelystad-1921826	2026-05-26	fashionunited.nl	Product Developer	Noppies	added	Lelystad, Netherlands
https://fashionunited.nl/modevacatures/designer-product-developer-venlo-1921340	2026-05-26	fashionunited.nl	Designer / Product Developer	Rino&Pelle	added	Venlo, Netherlands
https://fashionunited.nl/modevacatures/product-developer-rotterdam-1909612	2026-05-26	fashionunited.nl	Product Developer	Most Wanted	added	Rotterdam, Netherlands
https://www.stepstone.de/stellenangebote--Senior-Mode-Designer-m-w-d-Coesfeld-Lette-bei-Muenster-Ernstings-family--13983617-inline.html	2026-05-26	stepstone.de	Senior Mode Designer	Ernsting's family	added	Coesfeld-Lette bei Münster, Germany
https://fashionunited.nl/modevacatures/manager-product-development-lijnden-1881635	2026-05-26	fashionunited.nl	Manager Product Development	Just Brands	skipped_title	Lijnden, Netherlands
https://fashionunited.nl/modevacatures/manager-product-development-mens-knitwear-amsterdam-1934490	2026-05-26	fashionunited.nl	Manager Product Development Mens Knitwear	PVH	skipped_title	Amsterdam, Netherlands
https://careers.pvh.com/jobs/womenswear-designer-tommy-hilfiger-amsterdam-netherlands	2026-05-26	careers.pvh.com	Womenswear Designer	Tommy Hilfiger	skipped_expired	Amsterdam, Netherlands
https://careers.pvh.com/jobs/junior-product-developer-amsterdam-noord-holland-netherlands-c7fc8515-5f61-4897-af15-ec5ada93c580	2026-05-26	careers.pvh.com	Junior Product Developer	PVH	skipped_expired	Amsterdam, Netherlands
https://careers.pvh.com/jobs/product-developer-womens-circular-knit-amsterdam-noord-holland-netherlands-72d27517-e342-4d83-a403-8e0b07ba36fa	2026-05-26	careers.pvh.com	Product Developer Womens Circular Knit	PVH	skipped_expired	Amsterdam, Netherlands
https://careers.pvh.com/jobs/product-developer-tommy-hilfiger-collaborations-amsterdam-netherlands	2026-05-26	careers.pvh.com	Product Developer - Tommy Hilfiger Collaborations	PVH	skipped_expired	Amsterdam, Netherlands
https://jobs.zalando.com/en/jobs/2721351-Junior-Fashion-Product-Developer-(all-genders)---1	2026-05-26	jobs.zalando.com	Junior Fashion Product Developer	Zalando	skipped_expired	Berlin, Germany
https://jobs.hunkemoller.com/en/vacancies/assistant-designer-hilversum-jr75143	2026-05-26	jobs.hunkemoller.com	Assistant Designer	Hunkemöller	skipped_expired	Hilversum, Netherlands
https://fashionunited.nl/modevacatures/stage-design-menswear-utrecht-1897810	2026-05-26	fashionunited.nl	Stage Design Menswear	WE Fashion	skipped_title	Utrecht, Netherlands
https://www.stepstone.de/stellenangebote--Trainee-im-Bereich-Modedesign-m-w-d-Coesfeld-Lette-bei-Muenster-Ernstings-family--13972636-inline.html	2026-05-26	stepstone.de	Trainee Modedesign	Ernsting's family	skipped_title	Coesfeld-Lette, Germany
https://fashionunited.nl/modevacatures/freelance-designer-womenswear-amsterdam-1942408	2026-05-26	fashionunited.nl	Freelance Designer Womenswear	Lofty Manner	skipped_title	Amsterdam, Netherlands
https://fashionunited.nl/modevacatures/head-of-design-womenswear-amsterdam-1939608	2026-05-26	fashionunited.nl	Head of Design Womenswear	Lofty Manner	skipped_title	Amsterdam, Netherlands
https://fashionunited.nl/modevacatures/production-development-intern-freebird-icons-amsterdam-1926468	2026-05-26	fashionunited.nl	Production Development Intern	Blosh	skipped_title	Amsterdam, Netherlands
https://fashionunited.nl/modevacatures/product-development-intern-menswear-home-beach-amsterdam-1598395	2026-05-26	fashionunited.nl	Product Development Intern Menswear	Karl Lagerfeld	skipped_title	Amsterdam, Netherlands
https://fashionunited.nl/modevacatures/fashiondesign-bij-open32-arnhem-1940529	2026-05-26	fashionunited.nl	Fashion Designer (Senior)	OPEN32	added	Arnhem, Netherlands
https://fashionunited.nl/modevacatures/fashion-designer-bussum-1924171	2026-05-26	fashionunited.nl	Fashion Designer	Top Fashion Trading	added	Bussum, Netherlands
https://fashionunited.nl/modevacatures/fashion-designer-amsterdam-1933073	2026-05-26	fashionunited.nl	Fashion Designer	The Lola Club	skipped_location	Amsterdam, Netherlands
https://fashionunited.nl/modevacatures/senior-designer-amsterdam-1941205	2026-05-26	fashionunited.nl	Senior Designer	PVH	skipped_location	Amsterdam, Netherlands
https://fashionunited.nl/modevacatures/designer-amsterdam-1939576	2026-05-26	fashionunited.nl	Designer	POM Amsterdam	skipped_location	Amsterdam, Netherlands
https://fashionunited.nl/modevacatures/medewerker-commercie-and-productmanagement-amsterdam-1934996	2026-05-26	fashionunited.nl	Medewerker Commercie & Productmanagement	Newtex B.V.	skipped_location	Amsterdam, Netherlands
https://www.stepstone.de/stellenangebote--Produktentwickler-in-m-w-d-Fashion-in-Vollzeit-Produktentwickler-in-Mode-Dormagen-Friedrich-W-Schneider-GmbH-Co-KG--13779524-inline.html	2026-05-26	stepstone.de	Produktentwickler Fashion	Friedrich W. Schneider GmbH	added	Dormagen, Germany
https://www.stepstone.de/stellenangebote--Quality-Manager-Technical-Product-Developer-m-w-d-Koeln-Brandit-Textil-GmbH--14037158-inline.html	2026-05-26	stepstone.de	Quality Manager / Technical Product Developer	Brandit Textil GmbH	added	Köln, Germany
https://be.linkedin.com/jobs/view/product-developer-fashion-at-cks-fashion-4366336692	2026-05-26	linkedin.com	Product Developer Fashion	CKS Fashion	skipped_expired	Vilvoorde, Belgium
https://jobgether.com/offer/68a7be3fc7c1addec06c495e-fashion-design-product-associate---remote---lhr	2026-05-26	jobgether.com	Fashion Design & Product Associate	I.R.E	skipped_expired	Remote (LHR)
https://nl.linkedin.com/jobs/view/flatknit-designer-at-garcia-4413394622	2026-05-26	linkedin.com	Flatknit Designer	Garcia B.V.	added	Alblasserdam, Netherlands
https://nl.linkedin.com/jobs/view/designer-men-at-garcia-4419404272	2026-05-26	linkedin.com	Designer Men	Garcia B.V.	added	Alblasserdam, Netherlands
https://fashionunited.nl/modevacatures/outerwear-developer-buyer-lijnden-1890215	2026-05-26	fashionunited.nl	Outerwear Developer / Buyer	Just Brands	added	Lijnden, Netherlands
https://fashionunited.nl/modevacatures/junior-buyer-womenswear-lijnden-1931114	2026-05-26	fashionunited.nl	Junior Buyer Womenswear	The Sting	added	Lijnden, Netherlands
https://fashionsolution.nl/vacature/product-developer-24-32-uur-8613/	2026-05-26	fashionsolution.nl	Product Developer (24-32 uur)	Le Nouveau Chef	added	Heiloo, Netherlands
https://wandermut.de/pages/produktentwickler-designer-textil	2026-05-26	wandermut.de	Produktentwickler / Designer Textil	Wandermut	skipped_location	Köln, Germany
https://www.stepstone.de/stellenangebote--Werkstudent-im-Bereich-Modedesign-m-w-d-Coesfeld-Lette-bei-Muenster-Ernstings-family--14004035-inline.html	2026-05-26	stepstone.de	Werkstudent Modedesign	Ernsting's family	skipped_title	Coesfeld-Lette, Germany
https://fashionunited.nl/modevacatures/technical-fashion-designer-rotterdam-1902202	2026-05-26	fashionunited.nl	Technical fashion designer	Most Wanted	skipped_expired	Rotterdam, Netherlands
https://fashionunited.nl/modevacatures/buyer-footwear-women-s-hertogenbosch-1940467	2026-05-26	fashionunited.nl	Buyer Footwear Women	Sacha	added	's-Hertogenbosch, Netherlands
https://fashionunited.nl/modevacatures/senior-buyer-accessoires-and-shoes-alkmaar-1937757	2026-05-26	fashionunited.nl	Senior Buyer Accessoires & Shoes	The Fashion Favourites Group	added	Alkmaar, Netherlands
https://nl.linkedin.com/jobs/view/assistent-productontwikkeling-at-kjelvik-international-b-v-4408428097	2026-05-26	linkedin.com	Assistent productontwikkeling	Kjelvik International B.V.	added	Wijhe, Overijssel, Netherlands
https://nl.linkedin.com/jobs/view/product-developer-textiel-babyproducten-at-smits-assen-b-v-jollein-4419193830	2026-05-26	linkedin.com	Product Developer (Textiel & Babyproducten)	Jollein	added	Assen, Netherlands
https://nl.linkedin.com/jobs/view/fashion-designer-at-prenatal-moeder-en-kind-b-v-4410147639	2026-05-26	linkedin.com	Fashion Designer	Prénatal	added	Amersfoort, Netherlands
https://nl.linkedin.com/jobs/view/fashion-designer-at-equalite-4383362483	2026-05-26	linkedin.com	Fashion Designer	Equalité	skipped_location	Rotterdam, Netherlands
https://fashionunited.nl/modevacatures/senior-designer-lab-collaborations-and-sponsorships-tommy-hilfiger-amsterdam-1946221	2026-05-26	fashionunited.nl	Senior Designer - LAB Collaborations & Sponsorships	Tommy Hilfiger	skipped_location	Amsterdam, Netherlands
https://fashionunited.nl/modevacatures/designer-stylist-maastricht-airport-1936784	2026-05-26	fashionunited.nl	Designer / Stylist	Vivant Decorations BV	skipped_location	Maastricht Airport, Netherlands
https://fashionunited.nl/modevacatures/designer-womenswear-32-uur-amsterdam-1935974	2026-05-26	fashionunited.nl	Designer Womenswear (32 uur)	Hang Eleven	skipped_location	Amsterdam, Netherlands
https://fashionunited.nl/modevacatures/senior-product-designer-developer-giordano-amsterdam-32-40-uur-amsterdam-1906825	2026-05-26	fashionunited.nl	Senior Product Designer / Developer Giordano	Verweij Fashion	skipped_location	Amsterdam, Netherlands
https://nl.linkedin.com/jobs/view/product-designer-outerwear-at-just-brands-fashion-retail-4401729172	2026-05-26	linkedin.com	Product Designer Outerwear	Just Brands	skipped_title	Hoofddorp, Netherlands
https://nl.linkedin.com/jobs/view/head-of-design-at-garcia-4419197087	2026-05-26	linkedin.com	Head of Design	Garcia B.V.	skipped_title	Alblasserdam, Netherlands
https://nl.linkedin.com/jobs/view/designer-womenswear-circular-knit-tommy-hilfiger-at-tommy-hilfiger-4405287848	2026-05-26	LinkedIn Hybrid Fashion NL	Designer Womenswear Circular Knit	Tommy Hilfiger	added	Amsterdam, Netherlands
https://nl.linkedin.com/jobs/view/junior-designer-th-lab-collaborations-sponsorships-at-tommy-hilfiger-4418103422	2026-05-26	LinkedIn Hybrid Fashion NL	Junior Designer – TH LAB Collaborations & Sponsorships	Tommy Hilfiger	added	Amsterdam, Netherlands
https://nl.linkedin.com/jobs/view/junior-designer-runway-celebrity-dressing-at-tommy-hilfiger-4405400060	2026-05-26	LinkedIn Hybrid Fashion NL	Junior Designer – Runway & Celebrity Dressing	Tommy Hilfiger	added	Amsterdam, Netherlands
https://nl.linkedin.com/jobs/view/designer-tailoring-runway-celebrity-dressing-at-tommy-hilfiger-4411218299	2026-05-26	LinkedIn Hybrid Fashion NL	Designer – Tailoring – Runway & Celebrity Dressing	Tommy Hilfiger	added	Amsterdam, Netherlands
https://www.stepstone.de/stellenangebote--Fashion-Designer-Technical-Product-Developer-w-m-d-Sulingen-Lloyd-Lifestyle-GmbH--13999810-inline.html	2026-05-26	StepStone DE Hybrid Fashion	Fashion Designer & Technical Product Developer	Lloyd Lifestyle GmbH	added	Sulingen, Germany
https://fashionunited.de/jobs-in-der-mode/designer-menswear-m-w-d-bielefeld-1940383	2026-05-26	FashionUnited DE	Designer Menswear	Seidensticker	added	Bielefeld, Germany
https://fashionunited.de/jobs-in-der-mode/designer-m-w-d-outdoor-isernhagen-1947332	2026-05-26	FashionUnited DE	Designer – Outdoor	Street One GmbH	added	Isernhagen, Germany
https://fashionunited.de/jobs-in-der-mode/designer-m-w-d-hosen-1946532	2026-05-26	FashionUnited DE	Designer – Hosen	Street One GmbH	added	Isernhagen, Germany
https://nl.linkedin.com/jobs/view/3d-fashion-designer-at-isrid-agency-fashion-luxury-recruitment-4418244574	2026-05-26	LinkedIn Hybrid Fashion NL	3D Fashion Designer	ISRID Agency	added	Rotterdam, Netherlands
https://fashionsolution.nl/vacature/designer-product-developer-casual-denim-8580/	2026-05-26	FashionSolution NL	Designer Product Developer Casual Denim	Red Button	added	Badhoevedorp, Netherlands
https://job-boards.greenhouse.io/fashionnova/jobs/7669448	2026-05-27	greenhouse-api	Apparel Designer	Fashion Nova	added	Beverly Hills, CA
https://job-boards.greenhouse.io/fashionnova/jobs/7545947	2026-05-27	greenhouse-api	Art Director	Fashion Nova	added	Beverly Hills, California, United States
https://job-boards.greenhouse.io/fashionnova/jobs/7210898	2026-05-27	greenhouse-api	Assistant Buyer - Men's 	Fashion Nova	added	Beverly Hills, CA
https://job-boards.greenhouse.io/fashionnova/jobs/6313773	2026-05-27	greenhouse-api	Assistant Buyer - Women's	Fashion Nova	added	Beverly Hills, CA
https://job-boards.greenhouse.io/fashionnova/jobs/7118613	2026-05-27	greenhouse-api	Assistant Manager, Product Development 	Fashion Nova	added	Beverly Hills, CA
https://job-boards.greenhouse.io/fashionnova/jobs/5519522	2026-05-27	greenhouse-api	Assistant Manager, Product Development & Production	Fashion Nova	added	Beverly Hills, CA
https://job-boards.greenhouse.io/fashionnova/jobs/5842932	2026-05-27	greenhouse-api	Assistant Replenishment Buyer	Fashion Nova	added	Beverly Hills, CA
https://job-boards.greenhouse.io/fashionnova/jobs/7441179	2026-05-27	greenhouse-api	Assistant Site Merchandiser	Fashion Nova	added	Beverly Hills, CA
https://job-boards.greenhouse.io/fashionnova/jobs/7036209	2026-05-27	greenhouse-api	Assistant Stylist	Fashion Nova	added	Beverly Hills, California, United States
https://job-boards.greenhouse.io/fashionnova/jobs/6759294	2026-05-27	greenhouse-api	Assistant Technical Designer 	Fashion Nova	added	Beverly Hills, CA
https://job-boards.greenhouse.io/fashionnova/jobs/7271867	2026-05-27	greenhouse-api	Associate Buyer - Men's	Fashion Nova	added	Beverly Hills, California
https://job-boards.greenhouse.io/fashionnova/jobs/6998508	2026-05-27	greenhouse-api	Associate Buyer - Women's	Fashion Nova	added	Beverly Hills, California
https://job-boards.greenhouse.io/fashionnova/jobs/7269576	2026-05-27	greenhouse-api	Associate Merchandise Planner	Fashion Nova	added	Beverly Hills, CA
https://job-boards.greenhouse.io/fashionnova/jobs/6388939	2026-05-27	greenhouse-api	Associate Replenishment Buyer	Fashion Nova	added	Beverly Hills, CA
https://job-boards.greenhouse.io/fashionnova/jobs/7528330	2026-05-27	greenhouse-api	Associate Technical Designer - Intimates & Swim	Fashion Nova	added	Beverly Hills, CA
https://job-boards.greenhouse.io/fashionnova/jobs/6947471	2026-05-27	greenhouse-api	Buyer - Men's	Fashion Nova	added	Beverly Hills, CA
https://job-boards.greenhouse.io/fashionnova/jobs/7202629	2026-05-27	greenhouse-api	Buyer - Sweaters	Fashion Nova	added	Beverly Hills, CA
https://job-boards.greenhouse.io/fashionnova/jobs/7648200	2026-05-27	greenhouse-api	Buyer - Swim	Fashion Nova	added	Beverly Hills, CA
https://job-boards.greenhouse.io/fashionnova/jobs/7216561	2026-05-27	greenhouse-api	Buyer - Tops	Fashion Nova	added	Beverly Hills, CA
https://job-boards.greenhouse.io/fashionnova/jobs/6295620	2026-05-27	greenhouse-api	Buyer - Women's	Fashion Nova	added	Beverly Hills, CA
https://job-boards.greenhouse.io/fashionnova/jobs/5940200	2026-05-27	greenhouse-api	Buyer - Women's Denim	Fashion Nova	added	Beverly Hills, CA
https://job-boards.greenhouse.io/fashionnova/jobs/6057762	2026-05-27	greenhouse-api	Buyer - Women's Graphic Tops	Fashion Nova	added	Beverly Hills, CA
https://job-boards.greenhouse.io/fashionnova/jobs/7412360	2026-05-27	greenhouse-api	Buyer - Women's Outerwear	Fashion Nova	added	Beverly Hills, CA
https://job-boards.greenhouse.io/fashionnova/jobs/6309208	2026-05-27	greenhouse-api	Buying Manager - Women's	Fashion Nova	added	Beverly Hills, CA
https://job-boards.greenhouse.io/fashionnova/jobs/6132347	2026-05-27	greenhouse-api	Content Creator	Fashion Nova	added	Beverly Hills, California
https://job-boards.greenhouse.io/fashionnova/jobs/6507232	2026-05-27	greenhouse-api	Merchandise Planner 	Fashion Nova	added	Beverly Hills, CA
https://job-boards.greenhouse.io/fashionnova/jobs/7274161	2026-05-27	greenhouse-api	Product Developer	Fashion Nova	added	Beverly Hills, CA
https://job-boards.greenhouse.io/fashionnova/jobs/7766730	2026-05-27	greenhouse-api	Product Developer - Men's	Fashion Nova	added	Beverly Hills, CA
https://job-boards.greenhouse.io/fashionnova/jobs/7210945	2026-05-27	greenhouse-api	Product Development & Production Coordinator 	Fashion Nova	added	Beverly Hills, CA
https://job-boards.greenhouse.io/fashionnova/jobs/5842924	2026-05-27	greenhouse-api	Replenishment Buyer	Fashion Nova	added	Beverly Hills, CA
https://job-boards.greenhouse.io/fashionnova/jobs/7344386	2026-05-27	greenhouse-api	Senior Buyer - Kids	Fashion Nova	added	Beverly Hills, CA
https://job-boards.greenhouse.io/fashionnova/jobs/6850002	2026-05-27	greenhouse-api	Senior Buyer - Lingerie & Intimates	Fashion Nova	added	Beverly Hills, CA
https://job-boards.greenhouse.io/fashionnova/jobs/6974926	2026-05-27	greenhouse-api	Senior Buyer - Men's	Fashion Nova	added	Beverly Hills, CA
https://job-boards.greenhouse.io/fashionnova/jobs/7103296	2026-05-27	greenhouse-api	Senior Buyer - Women's	Fashion Nova	added	Beverly Hills, CA
https://job-boards.greenhouse.io/fashionnova/jobs/7684821	2026-05-27	greenhouse-api	Senior Manager, Product Development - Activewear	Fashion Nova	added	Beverly Hills, CA
https://job-boards.greenhouse.io/fashionnova/jobs/6249371	2026-05-27	greenhouse-api	Senior Merchandise Planner	Fashion Nova	added	Beverly Hills, CA
https://job-boards.greenhouse.io/fashionnova/jobs/5509582	2026-05-27	greenhouse-api	Senior Product Development & Production Coordinator 	Fashion Nova	added	Beverly Hills, CA
https://job-boards.greenhouse.io/fashionnova/jobs/7220162	2026-05-27	greenhouse-api	Stylist	Fashion Nova	added	Beverly Hills, California, United States
https://job-boards.greenhouse.io/fashionnova/jobs/7954709	2026-05-27	greenhouse-api	Technical Designer - Men's	Fashion Nova	added	Beverly Hills, California, United States
https://job-boards.greenhouse.io/fashionnova/jobs/6463029	2026-05-27	greenhouse-api	Technical Designer - Women's	Fashion Nova	added	Beverly Hills, CA
https://job-boards.greenhouse.io/fashionnova/jobs/7569009	2026-05-27	greenhouse-api	Technical Designer - Women's Design	Fashion Nova	added	Beverly Hills, CA
https://job-boards.greenhouse.io/fambrands/jobs/5218217008	2026-05-27	greenhouse-api	Associate Apparel Product Developer 	FAM Brands	added	Beverly Hills, California, United States
https://job-boards.greenhouse.io/fambrands/jobs/5176537008	2026-05-27	greenhouse-api	Design Manager	FAM Brands	added	Beverly Hills, California, United States
https://job-boards.greenhouse.io/fambrands/jobs/5170729008	2026-05-27	greenhouse-api	Merchandising Manager - Women's Sportswear	FAM Brands	added	Beverly Hills, California, United States
https://job-boards.greenhouse.io/khaite/jobs/5211066008	2026-05-27	greenhouse-api	Digital Merchandising Manager	KHAITE	added	New York, NY
https://job-boards.greenhouse.io/quince/jobs/5173164008	2026-05-27	greenhouse-api	Affiliate Marketing Manager, UK	Quince	added	London, England, United Kingdom
https://job-boards.greenhouse.io/quince/jobs/5106650008	2026-05-27	greenhouse-api	Apparel- Active  Sourcing Manager, M Active (CN)	Quince	added	Hong Kong; Shanghai, Shanghai, China; Shenzhen Shi, Guangdong, China
https://job-boards.greenhouse.io/quince/jobs/5108181008	2026-05-27	greenhouse-api	Apparel- Active  Sourcing Manager, M Active (SEA)	Quince	added	Vietnam
https://job-boards.greenhouse.io/quince/jobs/5098018008	2026-05-27	greenhouse-api	Apparel- Sourcing Manager, Activewear	Quince	added	Bangladesh
https://job-boards.greenhouse.io/quince/jobs/5097923008	2026-05-27	greenhouse-api	Apparel - Sourcing Manager, Men's Leather Outerwear (EUR)	Quince	added	Turkey - Remote; United Kingdom
https://job-boards.greenhouse.io/quince/jobs/5173997008	2026-05-27	greenhouse-api	Apparel - Sourcing Manager, Men's Sweaters 	Quince	added	Bengaluru, Karnataka, India
https://job-boards.greenhouse.io/quince/jobs/5218554008	2026-05-27	greenhouse-api	Apparel - Sourcing Manager, Men's Sweaters (NE & EUR)	Quince	added	Turkey - Remote
https://job-boards.greenhouse.io/quince/jobs/5097895008	2026-05-27	greenhouse-api	Apparel - Sourcing Manager, Men's Woven Tops	Quince	added	Bengaluru, Karnataka, India
https://job-boards.greenhouse.io/quince/jobs/5097926008	2026-05-27	greenhouse-api	Apparel - Sourcing Manager, Men's Woven Tops (EUR)	Quince	added	Turkey - Remote; United Kingdom
https://job-boards.greenhouse.io/quince/jobs/5218546008	2026-05-27	greenhouse-api	Apparel - Sourcing Manager, Women's Leather Outerwear	Quince	added	Turkey - Remote
https://job-boards.greenhouse.io/quince/jobs/5190396008	2026-05-27	greenhouse-api	Apparel - Sourcing Manager, Women's Sweaters	Quince	added	Bengaluru, Karnataka, India
https://job-boards.greenhouse.io/quince/jobs/5173998008	2026-05-27	greenhouse-api	Apparel - Sourcing Manager, Women's Woven Tops	Quince	added	Bengaluru, Karnataka, India
https://job-boards.greenhouse.io/quince/jobs/5218531008	2026-05-27	greenhouse-api	Apparel - Sourcing Manager, Women's Woven Tops (NE & EUR)	Quince	added	Turkey - Remote
https://job-boards.greenhouse.io/quince/jobs/4678473008	2026-05-27	greenhouse-api	Area Manager, Warehouse Operations 	Quince	added	Carneys Point, New Jersey, United States
https://job-boards.greenhouse.io/quince/jobs/5198485008	2026-05-27	greenhouse-api	Business Development Coordinator, B2B Events	Quince	added	United States, Remote
https://job-boards.greenhouse.io/quince/jobs/5232031008	2026-05-27	greenhouse-api	Go-to-Market Systems & CRM Manager	Quince	added	Hong Kong
https://job-boards.greenhouse.io/quince/jobs/5057532008	2026-05-27	greenhouse-api	Head of Merchandising - CPG, Canada	Quince	added	Toronto, Ontario, Canada
https://job-boards.greenhouse.io/quince/jobs/4754164008	2026-05-27	greenhouse-api	Head of Merchandising, Women's Apparel UK/EU	Quince	added	London, England, United Kingdom
https://job-boards.greenhouse.io/quince/jobs/5112030008	2026-05-27	greenhouse-api	Home- Soft  Sourcing Managers, Soft Home (EUR)	Quince	added	Germany - Remote; Italy - Remote; London, England, United Kingdom; Portugal - Remote; Turkey
https://job-boards.greenhouse.io/quince/jobs/5176578008	2026-05-27	greenhouse-api	Influencer Marketing, Associate Manager (Canada)	Quince	added	Toronto, Ontario, Canada
https://job-boards.greenhouse.io/quince/jobs/5169449008	2026-05-27	greenhouse-api	Materials Sourcing Manager, Linen (CN)	Quince	added	China; France
https://job-boards.greenhouse.io/quince/jobs/5105644008	2026-05-27	greenhouse-api	Merchandising Manager, Bridesmaids Dresses	Quince	added	San Francisco, California, United States
https://job-boards.greenhouse.io/quince/jobs/5109017008	2026-05-27	greenhouse-api	Production Manager, Apparel (MX)	Quince	added	Mexico, Mexico
https://job-boards.greenhouse.io/quince/jobs/4894646008	2026-05-27	greenhouse-api	Production Manager - Jewelry	Quince	added	Mumbai, Maharashtra, India
https://job-boards.greenhouse.io/quince/jobs/5164758008	2026-05-27	greenhouse-api	Re-Commerce Manager	Quince	added	Carneys Point, New Jersey, United States
https://job-boards.greenhouse.io/quince/jobs/5167606008	2026-05-27	greenhouse-api	Retention Marketing Manager (Canada)	Quince	added	Toronto, Ontario, Canada
https://job-boards.greenhouse.io/quince/jobs/5195863008	2026-05-27	greenhouse-api	Senior Category Manager, Home (EU Country)	Quince	added	Germany - Berlin
https://job-boards.greenhouse.io/quince/jobs/5195859008	2026-05-27	greenhouse-api	Senior Category Manager, Men’s (EU country) 	Quince	added	London, England, United Kingdom
https://job-boards.greenhouse.io/quince/jobs/5226079008	2026-05-27	greenhouse-api	Senior Sourcing Manager - Bags and Luggage	Quince	added	Shanghai, Shanghai, China
https://job-boards.greenhouse.io/quince/jobs/5041095008	2026-05-27	greenhouse-api	Senior Sourcing Manager, Furniture	Quince	added	United States, Remote
https://job-boards.greenhouse.io/quince/jobs/5006620008	2026-05-27	greenhouse-api	Senior Sourcing Manager, Soft Home (Europe)	Quince	added	Italy - Remote
https://job-boards.greenhouse.io/quince/jobs/5155685008	2026-05-27	greenhouse-api	Senior Technical Designer, Apparel	Quince	added	San Francisco, California, United States
https://job-boards.greenhouse.io/quince/jobs/5226703008	2026-05-27	greenhouse-api	Senior Technical Designer, Bridesmaid Dresses	Quince	added	San Francisco, California, United States
https://job-boards.greenhouse.io/quince/jobs/5172243008	2026-05-27	greenhouse-api	Senior Technical Designer, Kids & Baby	Quince	added	San Francisco, California, United States
https://job-boards.greenhouse.io/quince/jobs/5226693008	2026-05-27	greenhouse-api	Senior Technical Designer, Men's Apparel	Quince	added	San Francisco, California, United States
https://job-boards.greenhouse.io/quince/jobs/5226708008	2026-05-27	greenhouse-api	Senior Technical Designer, Young Adult	Quince	added	San Francisco, California, United States
https://job-boards.greenhouse.io/quince/jobs/5111858008	2026-05-27	greenhouse-api	Site Merchandising Manager, Canada	Quince	added	Toronto, Ontario, Canada
https://job-boards.greenhouse.io/quince/jobs/5052079008	2026-05-27	greenhouse-api	Sourcing Manager, Americas (Footwear and Accessories)	Quince	added	Mexico
https://job-boards.greenhouse.io/quince/jobs/5218452008	2026-05-27	greenhouse-api	Sourcing Manager - Fine Jewelry	Quince	added	Shanghai, Shanghai, China
https://job-boards.greenhouse.io/quince/jobs/5139045008	2026-05-27	greenhouse-api	Sourcing Manager, Intimates/Lounge/Swim (HK/China)	Quince	added	Hong Kong; Shanghai, Shanghai, China; Shenzhen Shi, Guangdong, China
https://job-boards.greenhouse.io/quince/jobs/5154462008	2026-05-27	greenhouse-api	Sourcing Manager, Jewelry (ISC)	Quince	added	Mumbai, Maharashtra, India
https://job-boards.greenhouse.io/quince/jobs/5098017008	2026-05-27	greenhouse-api	 Sourcing Manager, Leather Accessories	Quince	added	Delhi, India; Gurugram, Haryana, India; India
https://job-boards.greenhouse.io/quince/jobs/5011765008	2026-05-27	greenhouse-api	Sourcing Manager, Men's Knit Tops (LATAM) 	Quince	added	Mexico, Mexico; Peru
https://job-boards.greenhouse.io/quince/jobs/5102482008	2026-05-27	greenhouse-api	Sourcing Manager, Mens Knit Tops (SEA)	Quince	added	Cambodia; China; Hong Kong; Vietnam
https://job-boards.greenhouse.io/quince/jobs/5102474008	2026-05-27	greenhouse-api	Sourcing Manager, Men's Outerwear (CN/SEA)	Quince	added	Cambodia; Hong Kong; Shanghai, Shanghai, China; Shenzhen Shi, Guangdong, China; Vietnam
https://job-boards.greenhouse.io/quince/jobs/5102463008	2026-05-27	greenhouse-api	Sourcing Manager, Men's Suiting (CN/SEA)	Quince	added	China; Hong Kong; Shanghai, Shanghai, China; Shenzhen Shi, Guangdong, China
https://job-boards.greenhouse.io/quince/jobs/5196227008	2026-05-27	greenhouse-api	Sourcing Manager, Men's Sweaters (SEA)	Quince	added	Cambodia; Indonesia; Philippines; Thailand; Vietnam
https://job-boards.greenhouse.io/quince/jobs/5207909008	2026-05-27	greenhouse-api	Sourcing Manager, Soft Home (LATAM)	Quince	added	Mexico, Mexico
https://job-boards.greenhouse.io/quince/jobs/5208088008	2026-05-27	greenhouse-api	Sourcing Manager, Soft Home (NA)	Quince	added	United States, Remote
https://job-boards.greenhouse.io/quince/jobs/5196243008	2026-05-27	greenhouse-api	Sourcing Manager, Women Knit Tops 	Quince	added	China; Vietnam
https://jobs.ashbyhq.com/poshmark/92badbdf-daec-49ea-bf4a-95b360d0dece	2026-05-27	ashby-api	Sr. Lead Data Analyst (Merchandising and Revenue)	Poshmark	added	US California (Redwood City) - Office
https://jobs.lever.co/farfetch/d550cadc-f57d-41ba-91f5-b0b326d89f77	2026-05-27	lever-api	Interim - Account Manager - Italian Speaking	Farfetch	added	Porto
https://jobs.lever.co/farfetch/43f50c21-3242-452f-9d73-28cf4d4bfd8d	2026-05-27	lever-api	Interim Account Manager - FARFETCH Advertising	Farfetch	added	UK London, United Kingdom
https://jobs.lever.co/farfetch/9a9af85b-1b91-4e89-acd9-4ce8aa16422c	2026-05-27	lever-api	Junior Brand Manager (E-Concessions)	Farfetch	added	UK London, United Kingdom
https://jobs.lever.co/farfetch/4d7091db-26e1-4f58-b211-50fe7dca65ac	2026-05-27	lever-api	Junior Private Client Stylist	Farfetch	added	UK London, United Kingdom
https://jobs.lever.co/farfetch/10df679a-8eca-4b31-bf53-19576e68b6fa	2026-05-27	lever-api	Regional Sales Manager, Private Client	Farfetch	added	US New York, New York, United States
https://jobs.lever.co/culturekings/cfdf8376-020f-416f-ad38-57829bfa3d86	2026-05-27	lever-api	Retail Visual Merchandiser	Culture Kings	added	Las Vegas, NV
https://jobs.lever.co/buckmason/1fc6c01d-d304-42f3-b783-4f5e5a057744	2026-05-27	lever-api	Assistant Merchandiser: Men's and Women's Collection	Buck Mason	added	Los Angeles, CA
https://jobs.lever.co/buckmason/6d01d563-03e4-408c-8b65-7ca7ebcea9d9	2026-05-27	lever-api	Design Director, Women’s Wovens	Buck Mason	added	Los Angeles, CA
https://jobs.lever.co/buckmason/1ced9780-0e13-414d-9c7f-3480a591fb14	2026-05-27	lever-api	Full Time Stylist (12 South Men's)	Buck Mason	added	Nashville, TN
https://jobs.lever.co/buckmason/e059fe6a-2c6a-4a7e-8a10-a3d5c22fb623	2026-05-27	lever-api	Full time Stylist (Coconut Grove - Miami)	Buck Mason	added	Miami, FL
https://jobs.lever.co/buckmason/7538b568-5c7c-4b05-861a-c2c99baf68da	2026-05-27	lever-api	Full Time Stylist (Georgetown)	Buck Mason	added	Georgetown, D.C.
https://jobs.lever.co/buckmason/c13586e3-b327-4f85-a070-de181b747920	2026-05-27	lever-api	Full Time Stylist (Greenwich)	Buck Mason	added	Greenwich, CT
https://jobs.lever.co/buckmason/ec5991a4-3d3f-42c6-a203-8e49514d1f59	2026-05-27	lever-api	Full Time Stylist (Hayes Valley)	Buck Mason	added	Hayes Valley, San Francisco
https://jobs.lever.co/buckmason/e3ab8246-2b62-42f8-90d8-34d3c939c1b4	2026-05-27	lever-api	Full Time Stylist (Legacy West)	Buck Mason	added	Plano, TX
https://jobs.lever.co/buckmason/09b10c2b-49d9-441b-8a6c-9bdf72219349	2026-05-27	lever-api	Full Time Stylist (Nolita Women's)	Buck Mason	added	New York, NY
https://jobs.lever.co/buckmason/57c46d59-6755-4544-91f5-9d66581f9250	2026-05-27	lever-api	Full Time Stylist (Soho Men's)	Buck Mason	added	New York, NY
https://jobs.lever.co/buckmason/ea682ff5-64ad-40dc-b0f2-0da23bdeda34	2026-05-27	lever-api	Full Time Stylist (Soho Women's)	Buck Mason	added	New York, NY
https://jobs.lever.co/buckmason/438eb1f6-f48d-48e7-892e-930189c8aa94	2026-05-27	lever-api	Full Time Stylist (University Village)	Buck Mason	added	Seattle, WA
https://jobs.lever.co/buckmason/0c4e435c-d486-4b91-ab7c-895a7b5f5139	2026-05-27	lever-api	Full-Time Stylist (Abbot Kinney Men's)	Buck Mason	added	Venice, CA
https://jobs.lever.co/buckmason/7ad9a279-deaf-401a-bc8b-27038d1635f7	2026-05-27	lever-api	Full-Time Stylist (Berkeley)	Buck Mason	added	Berkeley, CA
https://jobs.lever.co/buckmason/0f05e430-0f6d-4650-9453-a3119448322f	2026-05-27	lever-api	Full-Time Stylist (Bloomingdales - Century City)	Buck Mason	added	Century City, Los Angeles
https://jobs.lever.co/buckmason/fe89ac4c-a6a3-4214-aefe-95e5c9c81e2a	2026-05-27	lever-api	Full-Time Stylist (Bloomingdales - North Michigan)	Buck Mason	added	Chicago
https://jobs.lever.co/buckmason/a83fe3a1-03c6-4bab-99e7-ab9a7b51f8ba	2026-05-27	lever-api	Full-Time Stylist (Bloomingdales - Roosevelt Field)	Buck Mason	added	Long Island, NY
https://jobs.lever.co/buckmason/60f04711-d1ad-4f23-ab95-4cef6fe87bf4	2026-05-27	lever-api	Full-Time Stylist (Bloomingdales - Sherman Oaks)	Buck Mason	added	Los Angeles, CA
https://jobs.lever.co/buckmason/dc4fe61d-d97e-4b5a-8687-2102541acfd7	2026-05-27	lever-api	Full-Time Stylist (Easton Town Center)	Buck Mason	added	Columbus, Ohio
https://jobs.lever.co/buckmason/488e9f32-b544-451c-9ee5-d64e5eec797d	2026-05-27	lever-api	Full-Time Stylist (Fashion Island)	Buck Mason	added	Newport Beach, CA
https://jobs.lever.co/buckmason/8c738259-f22b-40e2-aa5f-b091374a4633	2026-05-27	lever-api	Full-Time Stylist (Flatiron Men's)	Buck Mason	added	Flatiron, NY
https://jobs.lever.co/buckmason/1784a9ef-2861-4b5e-a414-4fa3c8a51903	2026-05-27	lever-api	Full-Time Stylist (Flatiron Women's)	Buck Mason	added	Flatiron, NY
https://jobs.lever.co/buckmason/bc1a64dd-8355-4769-8b6d-90ffc077f282	2026-05-27	lever-api	Full-Time Stylist (La Jolla)	Buck Mason	added	La Jolla, CA
https://jobs.lever.co/buckmason/a979a5a8-e0b0-420f-9c88-45abe1bdbba2	2026-05-27	lever-api	Full-Time Stylist (Montrose Collective)	Buck Mason	added	Houston, TX
https://jobs.lever.co/buckmason/67aa9f1c-3583-4950-97f7-ec4137d0ab8e	2026-05-27	lever-api	Full-Time Stylist (Newbury Street)	Buck Mason	added	Boston, MA
https://jobs.lever.co/buckmason/fd6eee4e-b3ce-4a69-9eed-3d6e1b2ade3b	2026-05-27	lever-api	Full-Time Stylist (Somerset Collective)	Buck Mason	added	Detroit, Michigan
https://jobs.lever.co/buckmason/bccf57a1-a425-4139-be7e-a0e4cdd91621	2026-05-27	lever-api	Full-Time Stylist (Southport)	Buck Mason	added	Southport, Chicago, IL
https://jobs.lever.co/buckmason/92ba2457-6ed0-4bbf-97d5-69d7ee083da3	2026-05-27	lever-api	Full-Time Stylist (Studio City)	Buck Mason	added	Studio City, CA
https://jobs.lever.co/buckmason/89747e7a-99e4-41c7-8e02-7c028ed06081	2026-05-27	lever-api	Full-Time Stylist (West Village Women's)	Buck Mason	added	West Village, NY
https://jobs.lever.co/buckmason/c73a0a9f-3f98-4558-bf2c-53b8fd477ad9	2026-05-27	lever-api	Full-Time Stylist (Williamsburg)	Buck Mason	added	Williamsburg, Brooklyn
https://jobs.lever.co/buckmason/1bf94797-26f7-465a-a695-7e73503ef9b5	2026-05-27	lever-api	Part Time Stylist (Coconut Grove)	Buck Mason	added	Miami, FL
https://jobs.lever.co/buckmason/f98b8d61-2252-4505-a448-7e78c661b4f4	2026-05-27	lever-api	Part Time Stylist (Greenwich)	Buck Mason	added	Greenwich, CT
https://jobs.lever.co/buckmason/d1014cd3-46b0-43d8-9726-be929f0065c2	2026-05-27	lever-api	Part Time Stylist (Legacy West)	Buck Mason	added	Plano, TX
https://jobs.lever.co/buckmason/a7d20472-3834-4fcb-b763-b7a7bf37cc24	2026-05-27	lever-api	Part Time Stylist (Nolita Women's)	Buck Mason	added	New York, NY
https://jobs.lever.co/buckmason/f6a09759-4c02-436b-bd96-685d8cbdb96f	2026-05-27	lever-api	Part Time Stylist (Soho Women's)	Buck Mason	added	New York, NY
https://jobs.lever.co/buckmason/29dd30cd-179b-4208-ac3e-2a1461c6522c	2026-05-27	lever-api	Part-Time Stylist (12 South Men's)	Buck Mason	added	Nashville, TN
https://jobs.lever.co/buckmason/5780d373-1d20-4da2-9d57-c2d743f32499	2026-05-27	lever-api	Part-Time Stylist (12 South Women's)	Buck Mason	added	Nashville, TN
https://jobs.lever.co/buckmason/241567bb-bf6c-4b94-9b94-07157b64849f	2026-05-27	lever-api	Part-Time Stylist (Abbot Kinney Men's)	Buck Mason	added	Venice, CA
https://jobs.lever.co/buckmason/1efb3d8d-9291-48fe-9b23-f99af6630a47	2026-05-27	lever-api	Part-Time Stylist (Abbot Kinney Women's)	Buck Mason	added	Venice, CA
https://jobs.lever.co/buckmason/e28950a0-29b5-4170-8836-27658fb0e38d	2026-05-27	lever-api	Part-Time Stylist (Berkeley)	Buck Mason	added	Berkeley, CA
https://jobs.lever.co/buckmason/5156b005-190b-4926-973c-b02b77ead31a	2026-05-27	lever-api	Part-Time Stylist (Bloomingdales - Century City)	Buck Mason	added	Century City, Los Angeles
https://jobs.lever.co/buckmason/58a85277-6bc6-4edd-85d2-696b0e294f83	2026-05-27	lever-api	Part-Time Stylist (Bloomingdales - North Michigan)	Buck Mason	added	Chicago
https://jobs.lever.co/buckmason/36d11a6f-a2fb-4e43-aac9-6102180fa4bf	2026-05-27	lever-api	Part-Time Stylist (Bloomingdales - Roosevelt Field)	Buck Mason	added	Long Island, NY
https://jobs.lever.co/buckmason/b69b912a-c3b8-449b-896a-d2dcb79974ed	2026-05-27	lever-api	Part-Time Stylist (Bloomingdales - Sherman Oaks)	Buck Mason	added	Los Angeles, CA
https://jobs.lever.co/buckmason/e693e10f-728b-4555-ad0b-829d428264bd	2026-05-27	lever-api	Part-Time Stylist (Capitol Hill)	Buck Mason	added	Seattle, WA
https://jobs.lever.co/buckmason/78d5ba18-e9c1-4949-ae72-4935cf439ff1	2026-05-27	lever-api	Part-Time Stylist (Century City)	Buck Mason	added	Century City, Los Angeles
https://jobs.lever.co/buckmason/a8f70dfd-9410-42f1-bb95-962746848234	2026-05-27	lever-api	Part-Time Stylist (Cherry Creek)	Buck Mason	added	Cherry Creek, Denver
https://jobs.lever.co/buckmason/d083846d-a082-4da2-ac22-567eeee2c472	2026-05-27	lever-api	Part-Time Stylist (Desert Hills)	Buck Mason	added	Desert Hills Outlet, CA
https://jobs.lever.co/buckmason/b7b1e241-778e-432c-91ad-a105de9317d6	2026-05-27	lever-api	Part-Time Stylist (Easton Town Center)	Buck Mason	added	Columbus, Ohio
https://jobs.lever.co/buckmason/660fd12f-0074-470c-a2fe-09cc50ea0cbb	2026-05-27	lever-api	Part-Time Stylist (Fashion Island)	Buck Mason	added	Newport Beach, CA
https://jobs.lever.co/buckmason/9de83131-292a-4e94-91a4-c6d91acfc73c	2026-05-27	lever-api	Part-Time Stylist (Fashion Square)	Buck Mason	added	Scottsdale, AZ
https://jobs.lever.co/buckmason/e31cf716-685e-45db-9558-f5cea0912910	2026-05-27	lever-api	Part-Time Stylist (Fifth + Broadway)	Buck Mason	added	Nashville, TN
https://jobs.lever.co/buckmason/357a3234-6b6c-4150-8b8e-ef5d10935fee	2026-05-27	lever-api	Part-Time Stylist (Flatiron Men's)	Buck Mason	added	Flatiron, NY
https://jobs.lever.co/buckmason/7a1ac386-5779-4305-ac97-2999948579ed	2026-05-27	lever-api	Part-Time Stylist (Flatiron Women's)	Buck Mason	added	Flatiron, NY
https://jobs.lever.co/buckmason/32348a75-1096-4e4a-92d0-1f3254f06bbb	2026-05-27	lever-api	Part-Time Stylist (Georgetown)	Buck Mason	added	Georgetown, D.C.
https://jobs.lever.co/buckmason/a22a485e-749c-4e37-aaea-9cbd7415669a	2026-05-27	lever-api	Part-Time Stylist (Hayes Valley)	Buck Mason	added	Hayes Valley, San Francisco
https://jobs.lever.co/buckmason/4d66dcf1-6da8-4973-b1d2-9682cdbac072	2026-05-27	lever-api	Part-Time Stylist (King Street)	Buck Mason	added	Charleston, South Carolina
https://jobs.lever.co/buckmason/98105600-1bb2-40f6-a287-280eceb0351c	2026-05-27	lever-api	Part-Time Stylist (Montrose Collective)	Buck Mason	added	Houston, TX
https://jobs.lever.co/buckmason/40c58b4e-3611-45ae-8b1d-f96710a1afb9	2026-05-27	lever-api	Part-Time Stylist (Newbury Street Women's)	Buck Mason	added	Boston, MA
https://jobs.lever.co/buckmason/764027ad-93f3-4fc7-8cce-085038fcc478	2026-05-27	lever-api	Part-Time Stylist (Newbury Street)	Buck Mason	added	Boston, MA
https://jobs.lever.co/buckmason/956bfa48-d1df-4db7-9616-96c00a28b433	2026-05-27	lever-api	Part-Time Stylist (Northpark)	Buck Mason	added	Dallas, TX
https://jobs.lever.co/buckmason/ef4ff286-52a5-401f-8f62-765e54c72d9b	2026-05-27	lever-api	Part-Time Stylist (Oak Brook)	Buck Mason	added	Oak Brook, Chicago, IL
https://jobs.lever.co/buckmason/58c76467-1982-4c21-a75b-c5e33324c0d2	2026-05-27	lever-api	Part-Time Stylist (Ponce City Market)	Buck Mason	added	Atlanta, GA
https://jobs.lever.co/buckmason/d1e1eac0-a4a0-4bcb-ace4-d7ee014a8492	2026-05-27	lever-api	Part-Time Stylist (Prudential Center)	Buck Mason	added	Boston, MA
https://jobs.lever.co/buckmason/c3cc74b3-76f8-4e8e-8413-36f51f198bc2	2026-05-27	lever-api	Part-Time Stylist (Silver Lake)	Buck Mason	added	Silver Lake, Los Angeles
https://jobs.lever.co/buckmason/88c85f33-37ba-442d-9cab-271a587de999	2026-05-27	lever-api	Part-Time Stylist (Soho Men's)	Buck Mason	added	New York, NY
https://jobs.lever.co/buckmason/97aa0220-8439-4477-8bac-47d9079b9b46	2026-05-27	lever-api	Part-Time Stylist (Somerset Collective)	Buck Mason	added	Detroit, Michigan
https://jobs.lever.co/buckmason/6ffb5465-8216-4a6b-a24e-cd95288412cf	2026-05-27	lever-api	Part-Time Stylist (South Congress Men's)	Buck Mason	added	Austin, TX
https://jobs.lever.co/buckmason/62776f27-c6a0-4444-95f1-7ccb47a0ef05	2026-05-27	lever-api	Part-Time Stylist (South Congress Women's)	Buck Mason	added	Austin, TX
https://jobs.lever.co/buckmason/43b334f3-55d1-4f39-a0f5-99624fc9d978	2026-05-27	lever-api	Part-Time Stylist (Southport)	Buck Mason	added	Southport, Chicago, IL
https://jobs.lever.co/buckmason/574bbb02-963c-4433-a4c6-770117083346	2026-05-27	lever-api	Part-Time Stylist (Studio City)	Buck Mason	added	Studio City, CA
https://jobs.lever.co/buckmason/8c7db95b-2f14-45f1-8858-12a94ef237ea	2026-05-27	lever-api	Part-Time Stylist (Tysons Corner)	Buck Mason	added	Tysons Corner, VA
https://jobs.lever.co/buckmason/20bf4ff2-26b7-4d48-bfcb-4b3b50447452	2026-05-27	lever-api	Part-Time Stylist (University Village)	Buck Mason	added	Seattle, WA
https://jobs.lever.co/buckmason/d5f5cd32-106c-4fe6-a936-86cc68690958	2026-05-27	lever-api	Part-Time Stylist (West Village Men's)	Buck Mason	added	West Village, NY
https://jobs.lever.co/buckmason/2085d292-3c21-477d-ae09-6f4e237f43db	2026-05-27	lever-api	Part-Time Stylist (West Village Women's)	Buck Mason	added	West Village, NY
https://jobs.lever.co/buckmason/bab26c18-65b7-4950-a41d-fb48ca2fbe55	2026-05-27	lever-api	Part-Time Stylist (Williamsburg)	Buck Mason	added	Williamsburg, Brooklyn
https://jobs.lever.co/buckmason/08addda6-896f-4f70-9eb6-dff16770423b	2026-05-27	lever-api	Product Development Associate	Buck Mason	added	Los Angeles, CA
https://jobs.lever.co/buckmason/c64137bc-572d-4e4f-be5d-3097430855c3	2026-05-27	lever-api	Product Development Coordinator - Part-Time/Temp	Buck Mason	added	Los Angeles, CA
https://jobs.lever.co/buckmason/df1f17ef-2a62-431e-9d89-86aa05daedba	2026-05-27	lever-api	Sales Manager (12 South Women's)	Buck Mason	added	Nashville, TN
https://jobs.lever.co/buckmason/755efc38-e563-4d0d-b8d5-bd99c6012f20	2026-05-27	lever-api	Sales Manager (Armitage)	Buck Mason	added	Chicago
https://jobs.lever.co/buckmason/9f92f502-0c77-43bf-9489-71414457a790	2026-05-27	lever-api	Sales Manager (Bloomingdales - North Michigan)	Buck Mason	added	Chicago
https://jobs.lever.co/buckmason/20f8adb7-9cf2-4c99-9e87-99938dd7f4c1	2026-05-27	lever-api	Sales Manager (Bloomingdales - Roosevelt Field)	Buck Mason	added	Long Island, NY
https://jobs.lever.co/buckmason/ed259e2d-c4e1-499d-be61-5ff83864bcd2	2026-05-27	lever-api	Sales Manager (Flatiron Men's)	Buck Mason	added	Flatiron, NY
https://jobs.lever.co/buckmason/9b6fc863-1e23-4702-8efe-0c063af6c4d1	2026-05-27	lever-api	Sales Manager (Flatiron Women's)	Buck Mason	added	Flatiron, NY
https://jobs.lever.co/buckmason/63fbaa72-ef1e-4892-b298-ea93b3e2ebc9	2026-05-27	lever-api	Sales Manager (Greenwich)	Buck Mason	added	Greenwich, CT
https://jobs.lever.co/buckmason/f77ce40c-3bcf-4579-a7ed-c40be68c4be3	2026-05-27	lever-api	Sales Manager (Hayes Valley)	Buck Mason	added	Hayes Valley, San Francisco
https://jobs.lever.co/buckmason/70803a93-41dd-47dc-b878-698c382005f5	2026-05-27	lever-api	Sales Manager (Oak Brook)	Buck Mason	added	Oak Brook, Chicago, IL
https://jobs.lever.co/buckmason/4ccc5cda-c9fc-4534-a3db-36962556c8da	2026-05-27	lever-api	Sales Manager (Soho Men's)	Buck Mason	added	New York, NY
https://jobs.lever.co/buckmason/46abf399-c617-4cf5-9593-b1cd10f81a67	2026-05-27	lever-api	Sales Manager (Soho Women's)	Buck Mason	added	New York, NY
https://jobs.lever.co/buckmason/ae8a31cd-abc4-480b-8b52-5f07b25102cc	2026-05-27	lever-api	Seasonal Part-Time Stylist (SoHo Women's)	Buck Mason	added	New York, NY
https://jobs.lever.co/buckmason/930cad27-c7fe-4920-9b53-c0697f5b1a2e	2026-05-27	lever-api	Senior Product Development Associate	Buck Mason	added	Los Angeles, CA
https://jobs.lever.co/buckmason/937af9cc-c53d-437f-bd02-f49cc9efd235	2026-05-27	lever-api	Store Manager (Easton Town Center)	Buck Mason	added	Columbus, Ohio
https://jobs.lever.co/buckmason/4a43476a-7709-4dd8-b809-443388a0365e	2026-05-27	lever-api	Store Manager (Fifth + Broadway)	Buck Mason	added	Nashville, TN
https://jobs.lever.co/buckmason/7fa639a7-98aa-4e05-b3b6-c54adac353a7	2026-05-27	lever-api	Store Manager (Flatiron Women's)	Buck Mason	added	New York, NY
https://jobs.lever.co/buckmason/48abc9c7-6bbf-4dbe-88d9-333b040df576	2026-05-27	lever-api	Store Manager (Newbury Street - Men's)	Buck Mason	added	Boston, MA
https://jobs.lever.co/buckmason/a6008de1-0083-4c49-998a-a839f91f010c	2026-05-27	lever-api	Store Manager (Soho Women's)	Buck Mason	added	New York, NY
https://jobs.lever.co/buckmason/3b375e2a-c8b8-452e-8ffb-327fc1bb1631	2026-05-27	lever-api	Store Manager (Tysons Corner)	Buck Mason	added	Tysons Corner, VA
https://jobs.lever.co/buckmason/813ac579-8c37-4126-af50-2e27923450b1	2026-05-27	lever-api	Stylist (Part-Time)	Buck Mason	added	New York, NY
https://jobs.lever.co/vicicollection/a7eb165b-394a-41b0-8c44-945142133889	2026-05-27	lever-api	Associate Merchandise Planner	VICI Collection	added	California
https://jobs.lever.co/vicicollection/b4cf7e39-c358-4562-a864-a92bfa91910b	2026-05-27	lever-api	Store Manager	VICI Collection	added	Walnut Creek, CA
https://jobs.lever.co/arcteryx.com/c65a2d33-3fb8-49d4-b66a-ad4174d6fbfa	2026-05-27	lever-api	Assistant Store Manager (h/f/d) - La Vallée	ARC'TERYX	added	Paris
https://jobs.lever.co/arcteryx.com/b2ea04b8-e7b4-49b5-84bc-dc659bbdc08c	2026-05-27	lever-api	Assistant Store Manager (m/f/d) - Roermond	ARC'TERYX	added	Roermond
https://jobs.lever.co/arcteryx.com/9462fd34-0f75-4047-b727-446a179e0e89	2026-05-27	lever-api	Assistant Store Manager (Temporary) | Downtown Kelowna | Kelowna, BC	ARC'TERYX	added	Kelowna, BC
https://jobs.lever.co/arcteryx.com/84dd9a5c-b4a1-4fec-96c3-7284d3b0355d	2026-05-27	lever-api	Assistant Store Manager | Abbot Kinney | Los Angeles, CA	ARC'TERYX	added	Los Angeles, CA
https://jobs.lever.co/arcteryx.com/fbce6832-11ec-4506-a118-04b19444aef0	2026-05-27	lever-api	Assistant Store Manager | Mall of America | Bloomington, MN	ARC'TERYX	added	Bloomington, MN
https://jobs.lever.co/arcteryx.com/dabffb3a-67a4-4a91-8879-f5e4cedd26b1	2026-05-27	lever-api	Assistant Store Manager | Manhasset	ARC'TERYX	added	Manhasset, NY
https://jobs.lever.co/arcteryx.com/442bc5fb-dbe3-4e1e-a355-67a620a19d2b	2026-05-27	lever-api	Assistant Store Manager | Newbury | Boston, MA	ARC'TERYX	added	Boston, MA
https://jobs.lever.co/arcteryx.com/6c02c226-83e8-46e4-9891-1c592ae4c86e	2026-05-27	lever-api	Assistant Store Manager | Sherway Gardens | Toronto, ON	ARC'TERYX	added	Toronto, ON
https://jobs.lever.co/arcteryx.com/262a008a-cc77-4b85-9935-246b3591192a	2026-05-27	lever-api	Director, Merchandising - APAC	ARC'TERYX	added	Tokyo
https://jobs.lever.co/arcteryx.com/5c6bec31-6939-4fba-b6ab-f0b76747df9c	2026-05-27	lever-api	Executive Assistant - Regional Merchandising	ARC'TERYX	added	North Vancouver, BC (Corporate)
https://jobs.lever.co/arcteryx.com/81e0d701-e5dc-40ec-a32f-5d1b102e3edf	2026-05-27	lever-api	Gestionnaire Adjoint ou Adjointe de Magasin | Assistant Store Manager | Quartier DIX 30 | Brossard, Quebec	ARC'TERYX	added	Brossard, QC
https://jobs.lever.co/arcteryx.com/e2e3f426-b56c-4792-b25d-e44b691ba249	2026-05-27	lever-api	Manager, Pattern Maker	ARC'TERYX	added	North Vancouver, BC (Corporate)
https://jobs.lever.co/arcteryx.com/b0717b62-607d-4ed6-ba22-700b78c4be37	2026-05-27	lever-api	National Account Manager, Footwear	ARC'TERYX	added	Portland, OR
https://jobs.lever.co/arcteryx.com/46b4878e-5251-4988-8a1e-19d4694e510f	2026-05-27	lever-api	Pattern Maker 2	ARC'TERYX	added	North Vancouver, BC (Corporate)
https://jobs.lever.co/arcteryx.com/8bdd47cf-a6c3-43cd-9d10-ac39d2ebbf4b	2026-05-27	lever-api	Product Manager, Merchandising & Product Lifecycle Technology	ARC'TERYX	added	North Vancouver, BC (Corporate)
https://jobs.lever.co/arcteryx.com/a35fca7f-9419-49d7-a80e-21ca390de5ab	2026-05-27	lever-api	Production Manager, Finished Goods	ARC'TERYX	added	Hong Kong
https://jobs.lever.co/arcteryx.com/87348ee6-f333-480c-a1c5-956a99bd41ec	2026-05-27	lever-api	Retail Store Manager | Fashion Outlets | Rosemont, IL	ARC'TERYX	added	Rosemont, IL
https://jobs.lever.co/arcteryx.com/4621ad90-a871-4a5d-9c81-9bd5df78151a	2026-05-27	lever-api	Retail Store Manager I Arc'teryx Toronto Eaton Centre I Toronto, ON	ARC'TERYX	added	Toronto, ON
https://jobs.lever.co/arcteryx.com/3476e611-2e22-425e-94c2-d76469972eb1	2026-05-27	lever-api	Senior Manager, Merchandising Men - EMEA (m/w/d)	ARC'TERYX	added	Garching, Munich
https://jobs.lever.co/arcteryx.com/a6a1b07e-c62e-4e92-bb19-7a81dfce8a17	2026-05-27	lever-api	Senior Pattern Maker	ARC'TERYX	added	North Vancouver, BC (Corporate)
https://jobs.lever.co/arcteryx.com/91e00a13-3864-4868-86a9-563dabcbf02a	2026-05-27	lever-api	Store Manager	ARC'TERYX	added	London, England
https://jobs.lever.co/arcteryx.com/0f2d394b-5c93-4a53-8464-6074b533d362	2026-05-27	lever-api	Store Manager (h/f/d) - La Vallée	ARC'TERYX	added	Paris
https://jobs.lever.co/arcteryx.com/f90e9599-5ef4-4ba8-ba40-a5f7d438953e	2026-05-27	lever-api	Store Manager (m/f/d) - Roermond	ARC'TERYX	added	Roermond
https://jobs.lever.co/arcteryx.com/ed1c8741-6ef3-443c-b3e8-8eab95aaa36e	2026-05-27	lever-api	Store Manager (m/w/d) - Ingolstadt	ARC'TERYX	added	Ingolstadt
https://jobs.lever.co/arcteryx.com/dd03f770-26a8-467b-afc2-5accf4ab0c29	2026-05-27	lever-api	Store Manager | Abbot Kinney | Los Angeles, CA	ARC'TERYX	added	Los Angeles, CA
https://jobs.lever.co/arcteryx.com/5f9f1424-dc88-4b16-81f1-24454fbcdf08	2026-05-27	lever-api	Store Manager | Old Pasadena | Pasadena, CA	ARC'TERYX	added	Pasadena, CA
https://jobs.lever.co/arcteryx.com/bbe06358-8644-40da-8af3-c273b331e0a9	2026-05-27	lever-api	Visual Merchandising Manager – New Store Openings and Space Planning	ARC'TERYX	added	North Vancouver, BC (Corporate)
https://jobs.lever.co/arcteryx.com/11c3b7aa-97ba-458f-b0ff-52a5393a8314	2026-05-27	lever-api	Visual Merchandising Planner - NAM	ARC'TERYX	added	North Vancouver, BC (Corporate)
https://jobs.lever.co/vestiairecollective/3d44d3c6-7288-4bf8-a5df-806f768688ea	2026-05-27	lever-api	Head Of PR & Influencer Marketing	Vestiaire Collective	added	Paris
https://jobs.lever.co/vestiairecollective/9d875c0d-f647-4c50-a352-c05104fa8c2a	2026-05-27	lever-api	VIP Consignment Key Account Manager	Vestiaire Collective	added	New York
https://jobs.lever.co/pattern/e3798018-ea8a-4296-92f0-05a8b234e7c2	2026-05-27	lever-api	Amazon Account Manager	Pattern	added	Melbourne, Australia
https://jobs.lever.co/pattern/a1a7f6f7-592b-49e4-9a32-79c526388961	2026-05-27	lever-api	Area Manager - (Mon-Thurs Night Shift)	Pattern	added	North Las Vegas, NV, US
https://jobs.lever.co/pattern/7c448b3c-d924-4453-a534-e4e81d92fdbe	2026-05-27	lever-api	Area Manager (Front Half Days)	Pattern	added	Hebron, KY, US
https://jobs.lever.co/pattern/22b5bbbe-bf8d-491f-acbf-2a76fa0d77d2	2026-05-27	lever-api	Area Manager (Reverse Logistics)	Pattern	added	Hebron, KY, US
https://jobs.lever.co/pattern/46201f3f-7cc4-4fde-b7c3-39d63f401b09	2026-05-27	lever-api	Area Manager (Sunday-Wednesday Night)	Pattern	added	Hebron, KY, US
https://jobs.lever.co/pattern/fbb6a2ae-4773-4f53-a473-0351d7b8dc20	2026-05-27	lever-api	Area Manager (Sunday-Wednesday)	Pattern	added	Bethlehem, PA, US
https://jobs.lever.co/pattern/cd6c4ce7-37ce-4d9c-8c3e-ce95e85c9ff3	2026-05-27	lever-api	Area Manager (Thursday-Saturday)	Pattern	added	Bethlehem, PA, US
https://jobs.lever.co/pattern/e5cd904e-90ce-4977-97cb-093ddcb42478	2026-05-27	lever-api	Campaign Manager - TikTok Shop	Pattern	added	Lehi, UT, US
https://jobs.lever.co/pattern/7c7ecd7f-c704-46d2-97b3-e4f5b06e5d44	2026-05-27	lever-api	Digital Marketing Manager	Pattern	added	Lehi, UT, US
https://jobs.lever.co/pattern/47ed9585-143d-44c1-9203-7b1dea672783	2026-05-27	lever-api	eCommerce Manager	Pattern	added	Dubai, UAE
https://jobs.lever.co/pattern/afa56195-7028-49f3-b0b6-6eeae52c8e21	2026-05-27	lever-api	Ecommerce Manager_MENA	Pattern	added	Pune, India
https://jobs.lever.co/pattern/6dfec2ac-1e3f-4155-abdf-f9b755c7e64f	2026-05-27	lever-api	Global Named Account Manager	Pattern	added	London, United Kingdom
https://jobs.lever.co/pattern/85586fb0-774f-4b77-9e7f-21e8402decb1	2026-05-27	lever-api	Growth Marketing Manager	Pattern	added	Lehi, UT, US
https://jobs.lever.co/pattern/c0b145ac-0a78-4acb-84e4-8c68ac2b868e	2026-05-27	lever-api	Senior Account Manager - Advertising	Pattern	added	London, United Kingdom
https://jobs.lever.co/pattern/493035d6-b9e7-4152-bd40-9194b998ff29	2026-05-27	lever-api	Senior eCommerce Manager	Pattern	added	Shanghai
https://jobs.lever.co/pattern/ee183784-82cf-445d-b406-291a1c715031	2026-05-27	lever-api	Senior Ecommerce Manager - 1P	Pattern	added	Lehi, UT, US
https://jobs.lever.co/pattern/64d15108-0354-4d3f-ac3a-762a3899d7dc	2026-05-27	lever-api	Senior Ecommerce Manager (Mandarin speaking)	Pattern	added	Lehi, UT, US
https://jobs.lever.co/pattern/9514a595-e525-4f42-b6ac-76f82ef4d882	2026-05-27	lever-api	Senior Ecommerce Manager of Apparel	Pattern	added	New York, NY, US
https://jobs.lever.co/pattern/cbe97d8c-cb19-4817-9f01-19b175ce84af	2026-05-27	lever-api	TikTok Shop Account Manager	Pattern	added	Lehi, UT, US
https://jobs.lever.co/knix/27b80fad-a94f-4a1e-8972-4645cca95f71	2026-05-27	lever-api	Assistant Store Manager - Calgary	Knix	added	Calgary, AB
https://jobs.lever.co/knix/4aa38929-8ec6-40e5-afe6-dccc35a9bef4	2026-05-27	lever-api	Assistant Store Manager - Mapleview Shopping Centre	Knix	added	Burlington, ON
https://jobs.lever.co/knix/0475eb9e-838b-4b48-9ea0-0fa72d6df8c3	2026-05-27	lever-api	Assistant Store Manager - Upper Canada Mall	Knix	added	Newmarket, ON
https://jobs.lever.co/knix/7898406c-c5c1-4814-946e-73561797c7f4	2026-05-27	lever-api	Associate Creative Director	Knix	added	Toronto, ON
https://jobs.lever.co/knix/486826ae-78f0-440c-8da3-81a4b4144454	2026-05-27	lever-api	Store Manager - Don Mills	Knix	added	North York, ON
https://jobs.lever.co/knix/790f430a-7a17-48cf-903a-3292e7737db2	2026-05-27	lever-api	Store Manager - Mapleview	Knix	added	Burlington, ON
https://jobs.lever.co/knix/4f5ec830-4253-40ab-9a2d-24e7133649ea	2026-05-27	lever-api	Store Manager - Market Mall	Knix	added	Calgary, AB
https://jobs.lever.co/knix/73eb5fa1-797b-49f2-b5c4-fa170dc5ab9a	2026-05-27	lever-api	Store Manager - McArthur Glen Outlets	Knix	added	Richmond, BC
https://jobs.lever.co/knix/04a2b40e-5ff1-4d54-8c48-066a7878e3df	2026-05-27	lever-api	Store Manager - Upper Canada Mall	Knix	added	Newmarket, ON
https://nl.linkedin.com/jobs/view/assistent-productontwikkeling-at-kjelvik-international-b-v-4408428097	2026-05-27	linkedin.com	Assistent Productontwikkeling	Kjelvik International B.V.	ingested	Wijhe, Netherlands
https://fashionunited.nl/modevacatures/buying-and-product-developer-30-38-uur-duiven-1933212	2026-05-27	fashionunited.nl	Buying & Product Developer	Donders 1860	ingested	Netherlands
https://fashionunited.nl/modevacatures/fashiondesign-bij-open32-arnhem-1940529	2026-05-27	fashionunited.nl	Fashiondesign bij OPEN32	Open32	ingested	Arnhem, Netherlands
https://nl.linkedin.com/jobs/view/product-developer-textiel-babyproducten-at-smits-assen-b-v-jollein-4419193830	2026-05-27	linkedin.com	Product Developer (Textiel & Babyproducten)	Jollein	ingested	Assen, Netherlands
https://www.stepstone.de/stellenangebote--Senior-Mode-Designer-m-w-d-Coesfeld-Lette-bij-Muenster-Ernstings-family--13983617-inline.html	2026-05-27	stepstone.de	Senior Mode Designer (m/w/d)	Ernsting's family	ingested	Coesfeld, Germany
https://nl.linkedin.com/jobs/view/flatknit-designer-at-garcia-4413394622	2026-05-27	linkedin.com	Flatknit Designer	Garcia B.V.	ingested	Alblasserdam, Netherlands
https://nl.linkedin.com/jobs/view/designer-womenswear-circular-knit-tommy-hilfiger-at-tommy-hilfiger-4405287848	2026-05-27	linkedin.com	Designer Womenswear Circular Knit	Tommy Hilfiger	ingested	Amsterdam, Netherlands
https://nl.linkedin.com/jobs/view/junior-designer-th-lab-collaborations-sponsorships-at-tommy-hilfiger-4418103422	2026-05-27	linkedin.com	Junior Designer - TH LAB Collaborations & Sponsorships	Tommy Hilfiger	ingested	Amsterdam, Netherlands
https://nl.linkedin.com/jobs/view/junior-designer-runway-celebrity-dressing-at-tommy-hilfiger-4405400060	2026-05-27	linkedin.com	Junior Designer - Runway & Celebrity Dressing	Tommy Hilfiger	ingested	Amsterdam, Netherlands
https://nl.linkedin.com/jobs/view/designer-tailoring-runway-celebrity-dressing-at-tommy-hilfiger-4411218299	2026-05-27	linkedin.com	Designer - Tailoring - Runway & Celebrity Dressing	Tommy Hilfiger	ingested	Amsterdam, Netherlands
https://www.stepstone.de/stellenangebote--Fashion-Designer-Technical-Product-Developer-w-m-d-Sulingen-Lloyd-Lifestyle-GmbH--13999810-inline.html	2026-05-27	stepstone.de	Fashion Designer & Technical Product Developer (w/m/d)	Lloyd Lifestyle GmbH	ingested	Sulingen, Germany
https://fashionunited.de/jobs-in-der-mode/designer-menswear-m-w-d-bielefeld-1940383	2026-05-27	fashionunited.de	Designer Menswear (m/w/d)	Seidensticker	ingested	Bielefeld, Germany
https://fashionunited.de/jobs-in-der-mode/designer-m-w-d-outdoor-isernhagen-1947332	2026-05-27	fashionunited.de	Designer (m/w/d) Outdoor	Street One GmbH	ingested	Isernhagen, Germany
https://fashionunited.de/jobs-in-der-mode/designer-m-w-d-hosen-isernhagen-1946532	2026-05-27	fashionunited.de	Designer (m/w/d) Hosen	Street One GmbH	ingested	Isernhagen, Germany
https://nl.linkedin.com/jobs/view/3d-fashion-designer-at-isrid-agency-fashion-luxury-recruitment-4418244574	2026-05-27	linkedin.com	3D Fashion Designer	ISRID Agency	ingested	Rotterdam, Netherlands
https://fashionsolution.nl/vacature/designer-product-developer-casual-denim-8580/	2026-05-27	fashionsolution.nl	Designer Product Developer Casual Denim	Fashion Solution	ingested	Badhoevedorp, Netherlands
https://job-boards.greenhouse.io/fambrands/jobs/5218217008	2026-05-27	greenhouse.io	Associate Apparel Product Developer	FAM Brands	ingested	Bell, CA, USA
https://job-boards.greenhouse.io/fambrands/jobs/5176537008	2026-05-27	greenhouse.io	Design Manager	FAM Brands	ingested	Bell, CA, USA
https://job-boards.greenhouse.io/fambrands/jobs/5170729008	2026-05-27	greenhouse.io	Merchandising Manager - Women's Sportswear	FAM Brands	ingested	Beverly Hills, CA, USA
https://job-boards.greenhouse.io/khaite/jobs/5211066008	2026-05-27	greenhouse.io	Digital Merchandising Manager	KHAITE	ingested	New York, USA
https://job-boards.greenhouse.io/quince/jobs/5173164008	2026-05-27	greenhouse.io	Affiliate Marketing Manager	Quince	ingested	London, UK
